customer_id,total_orders,avg_order_value,days_since_last_order,app_opens,session_duration,cart_abandons
1,5,110.86,22,85,6.3,6
2,4,149.32,20,62,18.2,5
3,4,175.28,8,97,12.9,2
4,5,52.27,29,38,4.7,9
5,5,164.0,40,15,1.8,2
6,3,119.49,26,52,19.1,1
7,5,91.38,30,79,24.4,5
8,4,43.71,17,46,25.4,3
9,6,175.75,20,25,15.0,4
10,7,48.31,52,21,23.5,2
11,2,75.76,55,88,20.5,5
12,5,72.21,16,5,22.0,2
13,5,176.85,46,70,15.3,7
14,6,141.09,43,47,19.4,8
15,4,163.4,7,87,24.4,3
16,6,65.08,16,68,12.5,8
17,6,132.48,45,91,24.4,6
18,1,122.91,59,18,18.2,2
19,7,169.91,47,21,5.8,6
20,2,183.1,56,92,1.7,0
21,11,22.19,48,99,11.5,2
22,4,141.32,27,86,16.9,5
23,3,29.33,53,23,25.4,3
24,8,118.79,23,64,4.7,6
25,3,71.77,24,67,24.2,2
26,3,75.22,9,40,26.0,0
27,5,83.53,35,10,5.4,8
28,8,131.83,51,89,25.7,5
29,3,80.13,20,52,29.8,7
30,2,151.89,37,72,22.1,2
31,5,92.81,42,75,23.8,7
32,3,32.3,17,61,29.8,1
33,8,161.08,47,64,18.6,3
34,10,71.44,31,5,9.9,2
35,3,97.9,55,53,25.3,9
36,2,143.38,57,55,18.8,0
37,5,79.84,8,37,17.9,6
38,7,30.19,15,56,8.4,9
39,6,87.31,31,59,22.9,1
40,6,190.0,53,93,3.4,3
41,2,135.51,30,69,27.8,8
42,4,140.87,46,73,10.4,5
43,9,133.81,20,59,4.7,7
44,7,55.82,39,2,13.8,1
45,11,95.3,53,65,2.2,6
46,8,155.17,55,60,20.9,5
47,3,38.25,12,51,27.2,8
48,2,70.01,49,30,25.3,6
49,3,69.74,17,11,4.7,0
50,4,97.76,42,92,4.7,7
51,5,196.47,30,76,24.6,9
52,5,32.15,29,39,27.8,2
53,4,113.37,19,90,14.4,1
54,3,52.29,46,77,15.5,2
55,8,194.72,11,72,10.2,5
56,2,40.39,34,63,26.9,2
57,1,92.65,50,64,19.7,9
58,4,152.82,7,61,9.4,4
59,5,146.82,44,54,9.7,5
60,4,96.09,58,92,26.8,7
61,3,82.37,34,94,1.4,6
62,4,91.57,59,73,10.4,7
63,8,67.57,20,95,17.1,2
64,2,56.96,50,58,5.3,3
65,2,106.95,38,85,3.7,5
66,2,68.34,24,56,24.6,6
67,7,71.74,10,34,26.9,8
68,6,138.22,32,31,24.9,0
69,7,194.34,52,52,27.1,7
70,6,128.65,15,89,17.0,7
71,7,33.86,37,76,24.6,5
72,6,33.61,20,1,12.1,3
73,4,191.26,3,55,20.3,2
74,2,73.51,37,22,29.7,2
75,3,36.57,57,40,7.5,5
76,4,127.83,40,1,12.3,7
77,7,132.26,8,65,14.9,6
78,4,136.73,40,63,5.0,0
79,3,68.13,44,54,3.4,5
80,2,22.72,56,42,25.1,6
81,6,193.7,23,21,29.3,6
82,3,65.16,40,79,12.7,8
83,5,141.68,11,81,3.5,9
84,9,147.19,46,22,2.9,4
85,6,129.8,8,38,26.8,0
86,6,76.32,29,99,14.5,1
87,9,68.8,30,80,10.3,3
88,4,127.58,56,8,14.8,4
89,9,175.9,10,62,10.2,8
90,2,190.41,39,47,15.2,0
91,10,39.06,28,17,25.9,2
92,6,47.87,49,17,18.2,4
93,9,190.05,36,90,21.1,2
94,4,152.58,13,13,11.6,3
95,1,178.94,32,17,22.4,2
96,6,56.47,36,38,20.3,3
97,8,125.77,37,81,4.5,0
98,6,146.21,26,78,17.6,7
99,2,142.42,22,45,8.4,3
100,3,93.47,4,6,24.3,6
101,5,22.77,31,35,13.4,1
102,3,124.93,18,14,29.8,1
103,3,65.56,38,72,3.7,5
104,5,101.05,24,61,23.6,1
105,6,192.36,56,15,20.5,5
106,5,91.83,23,54,23.3,1
107,3,171.16,22,27,9.9,3
108,5,53.94,2,13,15.3,6
109,3,141.04,31,31,24.1,7
110,3,195.86,55,35,7.7,2
111,6,38.34,11,60,7.6,8
112,5,21.5,28,6,17.0,1
113,6,98.04,46,69,16.2,7
114,2,36.67,32,86,9.2,7
115,4,154.71,5,58,9.6,3
116,7,184.62,38,49,9.1,0
117,6,98.12,10,23,23.4,0
118,5,66.57,40,89,19.9,1
119,4,98.19,46,34,25.1,8
120,3,150.22,24,26,29.3,1
121,3,21.63,35,47,14.8,1
122,7,126.1,44,5,2.9,5
123,7,130.39,48,90,2.4,6
124,6,134.78,23,20,9.6,6
125,6,63.56,17,6,28.0,8
126,7,148.53,1,70,16.2,5
127,8,36.45,55,59,8.9,7
128,6,55.87,31,64,12.6,5
129,3,177.94,31,18,18.4,1
130,7,152.97,42,4,19.9,0
131,5,22.47,57,17,5.5,4
132,5,64.71,55,14,29.3,8
133,7,58.59,42,78,16.8,7
134,4,68.75,53,13,4.9,3
135,9,64.56,56,7,26.9,4
136,4,31.25,34,44,3.2,4
137,5,102.61,9,15,27.3,5
138,2,151.89,22,19,29.9,2
139,6,129.21,13,63,21.3,4
140,3,141.12,25,35,23.3,1
141,6,34.61,48,81,10.8,9
142,2,191.27,18,35,28.3,0
143,3,170.93,51,19,16.4,0
144,5,164.92,12,20,22.2,9
145,3,168.14,40,35,27.8,6
146,4,187.89,17,32,29.3,1
147,5,117.97,15,48,25.2,3
148,6,56.05,42,44,9.8,4
149,3,131.02,15,24,29.0,6
150,3,153.72,15,61,19.2,1
151,4,152.83,55,17,28.0,5
152,5,113.86,39,71,20.6,0
153,4,32.32,13,50,9.9,6
154,2,86.8,17,65,11.7,8
155,6,185.74,32,99,17.0,4
156,6,125.2,9,32,23.9,4
157,8,116.9,40,36,10.2,3
158,1,68.39,20,13,17.8,2
159,6,86.32,26,70,11.0,8
160,2,181.16,27,58,24.7,4
161,5,139.96,21,14,14.5,7
162,2,161.73,18,37,3.2,8
163,6,101.78,13,79,5.8,4
164,4,133.44,16,68,2.8,9
165,3,64.71,9,40,15.5,8
166,5,146.98,12,59,4.1,1
167,6,96.97,44,80,4.3,8
168,3,99.66,38,92,28.3,3
169,4,136.88,19,16,26.3,5
170,8,188.53,7,62,14.1,5
171,4,31.52,57,4,29.6,5
172,10,168.45,35,45,1.0,1
173,4,72.63,48,90,18.8,6
174,5,99.91,18,28,18.9,5
175,10,23.94,16,96,14.3,0
176,3,74.19,55,66,12.5,1
177,4,110.47,39,31,14.2,6
178,7,30.11,4,3,13.0,0
179,5,108.4,59,8,22.2,0
180,10,186.88,25,24,4.9,0
181,4,38.97,32,15,6.7,7
182,2,157.6,40,43,6.2,3
183,3,93.74,13,31,8.6,3
184,5,137.93,45,73,16.2,1
185,8,66.84,17,45,4.2,0
186,4,48.71,49,66,26.2,9
187,3,48.88,37,8,9.6,8
188,8,32.69,6,71,5.7,6
189,6,53.42,19,57,20.6,3
190,8,139.56,13,80,2.1,5
191,3,178.7,57,99,19.0,1
192,3,166.54,26,30,21.2,6
193,5,143.32,14,74,7.2,1
194,11,39.88,31,18,2.2,9
195,7,72.05,54,69,11.5,7
196,4,75.77,4,93,3.9,7
197,3,64.99,39,39,4.4,0
198,8,112.7,8,60,8.4,7
199,8,116.4,25,98,9.6,1
200,3,84.24,13,43,16.4,5
201,3,83.68,32,45,20.7,0
202,6,169.14,59,23,18.2,4
203,2,162.07,38,69,5.3,6
204,7,75.4,38,94,6.0,9
205,5,184.48,56,6,26.5,0
206,5,191.51,28,56,17.2,1
207,6,78.81,53,4,26.2,6
208,1,83.8,30,93,11.8,5
209,10,111.01,3,23,18.8,2
210,2,189.4,28,6,16.2,9
211,5,177.74,3,32,10.3,1
212,4,38.46,45,18,14.6,9
213,5,90.69,54,15,15.6,3
214,4,119.61,34,40,6.8,2
215,5,110.56,16,96,10.1,6
216,6,54.9,22,73,24.0,7
217,1,174.59,32,74,27.6,1
218,3,141.85,38,84,11.4,9
219,2,170.82,8,6,9.9,6
220,5,174.58,55,63,6.7,7
221,4,154.7,8,67,20.7,5
222,7,99.06,57,11,10.4,5
223,7,129.9,6,43,29.6,9
224,2,48.87,14,17,10.4,0
225,6,141.26,32,96,12.4,3
226,7,52.27,35,4,18.5,0
227,2,144.91,10,63,24.2,3
228,7,61.33,3,68,14.6,1
229,5,41.16,59,81,13.3,4
230,7,49.75,12,41,29.9,9
231,6,20.36,49,83,1.3,8
232,5,149.37,59,5,27.0,9
233,6,151.83,31,32,5.3,2
234,5,112.69,29,86,23.8,7
235,4,49.05,5,70,18.9,2
236,7,35.04,52,35,10.9,5
237,1,23.44,25,22,26.3,3
238,8,49.83,41,65,1.4,7
239,4,180.35,31,84,7.6,5
240,5,63.48,21,22,17.4,7
241,3,83.77,58,11,11.2,0
242,7,38.96,20,77,18.7,5
243,2,60.03,39,3,1.7,0
244,5,113.46,22,9,4.4,0
245,10,129.4,4,60,4.7,7
246,7,64.16,13,76,6.5,6
247,7,30.39,45,87,14.3,2
248,10,90.39,42,14,22.8,5
249,1,62.16,50,97,27.3,8
250,5,59.52,49,18,25.2,6
251,3,192.78,20,73,6.7,2
252,8,130.93,52,23,13.8,5
253,7,120.24,13,74,6.8,3
254,3,94.84,17,83,8.7,2
255,1,97.21,54,47,15.6,8
256,5,117.36,36,69,3.0,9
257,3,145.36,33,47,7.3,1
258,6,146.39,1,87,28.1,0
259,3,50.9,15,30,14.5,1
260,4,110.02,13,25,13.9,6
261,5,94.15,17,28,1.4,9
262,8,176.69,24,98,8.2,0
263,7,133.66,58,25,26.1,5
264,5,115.85,8,74,5.8,6
265,4,40.77,50,78,13.0,8
266,6,129.01,27,58,1.4,7
267,8,41.1,45,94,14.9,5
268,4,80.7,23,41,1.6,2
269,3,45.71,46,25,24.8,7
270,2,144.57,8,78,24.9,6
271,3,57.13,8,99,23.8,2
272,9,90.53,59,48,9.2,8
273,5,181.22,26,98,25.3,1
274,4,56.78,47,10,16.7,2
275,7,111.4,59,99,11.8,1
276,8,95.47,13,75,19.1,0
277,4,23.26,39,11,1.4,3
278,4,162.7,37,85,5.1,4
279,8,32.43,49,21,22.5,5
280,5,105.37,28,86,8.1,4
281,5,120.92,25,45,18.3,0
282,6,133.12,16,7,12.2,2
283,7,143.95,55,81,25.8,0
284,2,65.59,2,64,28.6,4
285,1,21.8,54,64,26.6,4
286,7,150.22,18,2,8.8,5
287,5,116.42,17,76,6.6,7
288,4,170.5,30,42,14.8,9
289,4,167.85,39,82,1.2,0
290,3,171.8,13,54,1.7,3
291,8,107.32,32,75,17.0,9
292,7,80.05,50,16,16.1,0
293,1,162.48,29,18,29.8,8
294,2,101.23,46,99,6.9,6
295,4,53.02,30,59,8.5,6
296,6,173.9,18,90,4.3,4
297,4,178.86,13,16,27.6,6
298,6,103.94,43,6,23.6,1
299,8,33.63,21,57,24.8,3
300,7,89.81,30,47,27.2,6
301,5,164.64,21,48,16.2,2
302,2,182.32,48,42,14.1,1
303,1,56.63,55,76,10.6,9
304,7,32.06,17,60,18.1,1
305,4,177.92,40,77,14.2,0
306,1,90.09,19,4,14.1,4
307,6,117.52,52,2,28.2,5
308,5,194.25,15,90,29.5,5
309,8,31.98,9,59,24.1,8
310,5,136.7,52,27,22.9,3
311,4,33.34,10,27,20.7,0
312,10,87.58,44,79,5.8,5
313,7,164.69,31,72,2.7,4
314,4,98.03,53,7,21.0,9
315,8,199.49,23,63,22.1,5
316,5,120.63,52,46,2.4,2
317,5,77.81,30,63,27.9,1
318,5,59.62,33,12,3.6,5
319,2,83.09,57,13,9.3,0
320,3,87.06,52,43,20.5,6
321,4,32.37,9,17,5.9,6
322,9,86.52,54,63,2.6,9
323,0,103.56,47,81,10.6,6
324,5,150.09,1,36,23.2,9
325,5,138.21,44,85,13.0,0
326,5,147.58,35,8,19.9,3
327,5,21.51,11,69,17.8,6
328,4,59.18,34,90,1.6,8
329,9,139.1,16,80,29.7,4
330,6,107.12,9,36,2.2,1
331,2,20.96,32,28,29.1,6
332,6,164.81,15,93,16.9,9
333,6,159.11,12,47,28.9,0
334,6,118.72,33,76,4.3,6
335,5,31.96,45,30,15.2,5
336,2,157.97,14,23,5.9,6
337,5,125.07,57,16,2.5,9
338,3,160.75,57,14,18.9,2
339,3,155.31,8,74,7.0,2
340,3,164.54,8,71,18.0,6
341,6,113.24,27,52,4.3,1
342,6,45.26,12,37,10.6,0
343,4,140.81,1,29,23.7,8
344,5,131.69,43,67,13.7,8
345,5,153.61,40,15,19.2,6
346,7,50.58,42,47,19.8,6
347,5,55.1,51,46,25.5,2
348,3,180.27,11,52,10.4,9
349,4,155.0,39,19,20.9,1
350,7,183.48,43,77,28.9,6
351,5,156.57,31,21,22.2,8
352,7,127.49,17,64,15.2,0
353,8,137.74,33,37,19.3,3
354,7,180.04,32,27,22.5,5
355,5,124.19,58,55,18.8,6
356,8,133.83,29,29,1.5,9
357,4,48.17,21,20,6.6,6
358,6,105.31,21,25,24.5,9
359,8,148.95,40,70,8.9,1
360,6,68.77,23,63,22.2,3
361,3,56.41,56,36,11.8,4
362,8,76.49,6,2,16.1,0
363,4,63.47,22,22,3.0,0
364,7,58.68,50,96,6.3,9
365,2,96.47,38,16,28.8,2
366,10,183.41,37,18,26.8,9
367,6,111.27,45,69,19.9,2
368,4,53.83,51,54,14.3,7
369,5,33.85,54,30,20.6,8
370,6,145.31,8,45,18.9,0
371,4,88.9,41,19,17.5,1
372,5,167.93,49,87,2.7,9
373,6,138.71,35,34,19.4,1
374,3,163.32,51,13,23.3,3
375,7,68.95,11,43,29.8,1
376,7,144.62,24,62,1.3,6
377,8,67.53,49,93,22.2,8
378,4,189.03,21,22,17.6,6
379,7,134.55,51,52,13.6,5
380,3,78.41,2,52,4.7,9
381,4,68.51,40,36,12.9,0
382,4,54.37,19,73,11.3,9
383,0,145.04,39,19,9.8,8
384,1,59.37,28,38,22.2,4
385,1,127.15,59,70,21.3,4
386,7,67.63,17,79,18.1,5
387,5,139.15,6,57,28.2,8
388,5,166.69,19,20,11.1,7
389,8,160.04,56,9,8.1,7
390,3,156.95,38,32,20.0,7
391,5,53.79,28,4,6.8,0
392,3,35.91,2,50,10.1,0
393,5,145.81,38,82,7.5,7
394,1,86.3,55,5,3.0,4
395,7,97.82,37,20,25.0,8
396,2,25.61,51,87,8.4,1
397,4,66.72,52,75,14.7,8
398,6,26.06,4,37,2.3,7
399,7,178.25,22,22,21.3,8
400,9,63.81,26,58,10.6,3
401,4,120.32,49,68,22.6,0
402,1,27.02,43,93,13.0,0
403,4,140.03,36,44,6.7,4
404,6,78.14,58,34,15.9,1
405,3,181.63,13,77,4.8,7
406,4,179.86,52,42,13.8,9
407,2,78.55,58,9,10.2,4
408,6,182.17,32,95,27.4,4
409,8,199.31,17,7,2.8,1
410,7,168.57,41,68,21.1,6
411,2,172.08,36,19,6.3,7
412,6,64.82,55,94,10.3,9
413,9,123.81,46,31,13.0,0
414,3,32.11,19,35,27.3,1
415,8,37.09,58,57,8.0,9
416,7,199.8,35,85,3.6,3
417,6,78.8,46,61,10.2,4
418,10,154.67,40,31,4.0,1
419,5,165.2,56,83,4.7,0
420,5,174.44,59,95,17.6,8
421,5,199.57,28,53,2.8,0
422,5,63.47,1,32,1.9,3
423,4,27.26,42,66,21.7,1
424,10,94.01,18,59,11.5,3
425,3,43.41,48,10,4.6,7
426,2,24.04,40,2,8.4,7
427,6,84.88,33,66,19.6,8
428,4,161.07,12,60,9.0,4
429,4,121.91,8,88,15.3,6
430,8,76.3,24,17,4.5,2
431,5,137.78,16,96,18.1,9
432,4,61.76,50,16,10.2,3
433,7,22.59,4,16,19.2,9
434,4,157.58,38,46,24.4,8
435,2,132.27,44,39,18.7,9
436,2,157.21,27,31,9.6,9
437,3,27.01,9,88,8.4,0
438,3,170.68,47,1,10.5,1
439,8,131.51,16,11,5.8,4
440,6,121.41,56,85,6.3,2
441,0,132.43,12,4,23.9,1
442,8,175.6,31,71,12.2,0
443,5,125.65,24,26,13.6,9
444,4,124.57,55,50,18.2,2
445,5,198.32,14,12,18.1,0
446,7,156.21,45,95,3.0,0
447,6,99.61,25,81,25.1,0
448,3,147.33,34,97,6.1,7
449,4,90.06,3,75,22.0,2
450,2,61.2,58,92,23.4,0
451,4,127.43,24,96,21.7,6
452,1,187.07,54,65,17.8,9
453,9,187.25,42,47,1.4,2
454,3,81.54,9,92,11.5,7
455,1,114.98,26,53,18.5,3
456,5,58.09,20,71,12.2,3
457,4,199.21,40,2,26.0,4
458,6,196.6,10,24,10.0,5
459,5,136.91,19,4,9.5,6
460,8,164.79,3,19,8.7,3
461,5,148.72,24,26,10.7,7
462,7,126.77,5,75,17.2,5
463,4,29.6,3,40,21.5,0
464,1,101.86,58,50,20.2,0
465,5,141.46,27,43,24.4,8
466,4,141.96,16,75,26.7,9
467,3,87.16,49,67,24.7,5
468,2,189.5,15,12,1.5,9
469,12,50.12,35,67,22.3,7
470,5,110.06,12,27,7.0,6
471,10,144.36,41,54,4.9,5
472,6,145.48,53,66,19.5,3
473,1,136.76,44,49,10.3,6
474,6,69.55,26,16,2.7,8
475,2,48.12,47,2,5.0,9
476,4,134.47,34,60,1.0,9
477,5,127.87,23,54,27.2,6
478,8,52.28,31,30,1.7,0
479,4,146.93,50,84,7.1,9
480,2,101.93,20,38,13.1,8
481,1,140.2,12,28,11.3,3
482,8,170.73,23,25,27.4,2
483,8,50.55,4,96,2.2,3
484,4,23.45,23,10,15.9,3
485,1,160.24,48,60,20.7,9
486,9,129.75,55,42,28.0,1
487,4,145.94,48,40,19.0,0
488,2,170.87,1,97,24.3,9
489,4,164.51,54,77,3.4,0
490,3,192.97,25,42,12.2,7
491,8,116.47,2,47,11.8,1
492,9,107.93,30,37,26.7,9
493,4,92.34,3,80,5.4,4
494,4,47.66,58,22,5.4,3
495,5,123.07,21,57,10.5,7
496,11,69.86,25,84,2.6,1
497,8,185.84,20,27,6.3,9
498,6,124.97,49,41,29.0,8
499,2,126.71,52,80,13.4,6
500,8,83.89,22,34,19.3,6
